title,alternate_titles,status,archived_on,key,modes,tune_type,genre,time_signature,part_structure,crooked,composer,tunings,learned_from,learned_on,notes,lyrics,links,recordings,added_on
???,,Learning,,D,,,,,,,,,,,,,,recordings/Untitled/2026-09-25.mp3,2026-02-28
Cluck Old Hen,Cluckin' Hen; Old Hen Cackled,Known,,A,A: Mixolydian; B: Major,Breakdown,Old-time,2/2,AABB,yes,Traditional,"Violin: Cross A (AEAE); Mandolin: GDAE, capo 2",Ray Alden,2026-03-14,"Play it fast, ""driving""
then ease off.","My old hen's a good old hen
She lays eggs for the railroad men","https://www.youtube.com/watch?v=abc123
https://example.org/cluck-old-hen","recordings/Cluck Old Hen/2026-09-14 Jam at Ray's.m4a
recordings/Cluck Old Hen/2026-09-20.m4a
recordings/Cluck Old Hen/2026-09-20 (2).m4a",2026-01-10
cluck old hen,,Known,,A,A: Major,,,,,,,Violin: Standard (GDAE),,,,,,recordings/cluck old hen (2)/2026-09-21.webm,2026-02-01
Ril Mhor,,Known,,D,,,,,,,,,,,"First part twice
then the B",,,,2026-04-05
Ríl Mhór,,Unknown,2026-07-31,D,A: Minor; B: Dorian,Reel,Irish,4/4,AABB,,,,,,,,,"recordings/Ríl Mhór/2026-09-26 Slow practice.ogg
recordings/Ríl Mhór/2026-09-26.m4a
recordings/Ríl Mhór/2026-09-26 (2).m4a",2026-04-05
Whiskey Before Breakfast,,Learning,,D,A: Major,Reel,,,,,,Mandolin: Capo 3,,2026-05-02,,,"https://example.org/whiskey-live
https://example.org/whiskey-lesson",,2026-05-01
